<?xml version="1.0" encoding="UTF-8" ?>
<!DOCTYPE mapper PUBLIC "-//mybatis.org//DTD Mapper 3.0//EN" 
"http://mybatis.org/dtd/mybatis-3-mapper.dtd">
<mapper namespace="com.kiosk.message.mapper.MessageMapper">
    
    <resultMap id="messageResultMap" type="com.kiosk.message.model.Message">
        <id property="id" column="id"/>
        <result property="payId" column="payId"/>
        <result property="phoneNumber" column="phoneNumber"/>
        <result property="sendTime" column="sendTime"/>
        <result property="isSent" column="isSent"/>
    </resultMap>
    
    <select id="getMessageById" resultMap="messageResultMap">
        SELECT * FROM message WHERE id = #{id}
    </select>
    
    <select id="getAllMessages" resultMap="messageResultMap">
        SELECT * FROM message
    </select>
    
    <select id="getMessagesByPayId" resultMap="messageResultMap">
        SELECT * FROM message WHERE payId = #{payId}
    </select>
    
    <select id="getMessagesByPhoneNumber" resultMap="messageResultMap">
        SELECT * FROM message WHERE phoneNumber = #{phoneNumber}
    </select>
    
    <select id="getMessagesBySentStatus" resultMap="messageResultMap">
        SELECT * FROM message WHERE isSent = #{isSent}
    </select>
    
    <insert id="insertMessage" parameterType="com.kiosk.message.model.Message" useGeneratedKeys="true" keyProperty="id">
        INSERT INTO message (payId, phoneNumber, isSent)
        VALUES (#{payId}, #{phoneNumber}, #{isSent})
    </insert>
    
    <update id="updateMessage" parameterType="com.kiosk.message.model.Message">
        UPDATE message
        SET payId = #{payId},
            phoneNumber = #{phoneNumber},
            isSent = #{isSent}
        WHERE id = #{id}
    </update>
    
    <update id="updateMessageSentStatus">
        UPDATE message
        SET isSent = #{isSent}
        WHERE id = #{id}
    </update>
    
    <delete id="deleteMessage">
        DELETE FROM message WHERE id = #{id}
    </delete>
    
</mapper>
